ID,Tag,First name,Last name,City,Email
4011,active,Amira,Chudej,Rockside,amira.chudej@chudej.net.au
4093,active,Leatha,Block,Two Rocks,leatha_block@gmail.com
4222,active,Page,Entzi,Blue Rocks,page@entzi.net.au
4281,active,Ora,Handrick,Rocklands,ora.handrick@gmail.com
4292,active,Francesco,Kloos,Rocky Gully,fkloos@kloos.com.au
5235,active,Mari,Smeby,Rock,msmeby@gmail.com
5520,active,Fletcher,Flosi,Rockford,fletcher.flosi@yahoo.com
5598,active,Natalie,Fern,Rock Springs,natalie.fern@hotmail.com
5633,active,Kimbery,Madarang,Rockaway,kimbery_madarang@cox.net
5660,active,Carin,Deleo,Little Rock,cdeleo@deleo.com
5667,active,Fannie,Lungren,Round Rock,fannie.lungren@yahoo.com
5862,active,Xochitl,Discipio,Round Rock,xdiscipio@gmail.com
6022,active,Fletcher,Flosi,Rockford,fletcher.flosi@yahoo.com
6100,active,Natalie,Fern,Rock Springs,natalie.fern@hotmail.com
6135,active,Kimbery,Madarang,Rockaway,kimbery_madarang@cox.net
6162,active,Carin,Deleo,Little Rock,cdeleo@deleo.com
6169,active,Fannie,Lungren,Round Rock,fannie.lungren@yahoo.com
6364,active,Xochitl,Discipio,Round Rock,xdiscipio@gmail.com
6522,active,Fletcher,Flosi,Rockford,fletcher.flosi@yahoo.com
6600,active,Natalie,Fern,Rock Springs,natalie.fern@hotmail.com
6635,active,Kimbery,Madarang,Rockaway,kimbery_madarang@cox.net
6662,active,Carin,Deleo,Little Rock,cdeleo@deleo.com
6669,active,Fannie,Lungren,Round Rock,fannie.lungren@yahoo.com
6864,active,Xochitl,Discipio,Round Rock,xdiscipio@gmail.com
